13	chuyen_phat_nhanh_hoa_toc	tp_hcm	,tp_hcm,	0	2000	\N	35000	0	\N	\N	\N	\N
14	chuyen_phat_nhanh_hoa_toc	tp_hcm	,tp_hcm,	2001	999999999	\N	2200	1	500	35000	\N	\N
15	chuyen_phat_nhanh_truoc_9h	tp_hcm	,tp_hcm,	0	2000	\N	35000	0	\N	\N	\N	\N
16	chuyen_phat_nhanh_truoc_9h	tp_hcm	,tp_hcm,	2001	999999999	\N	10000	1	500	35000	\N	\N
17	chuyen_phat_nhanh_tiet_kiem	tp_hcm	,ha_noi,	0	5000	\N	80000	0	\N	\N	\N	\N
18	chuyen_phat_nhanh_tiet_kiem	tp_hcm	,ha_noi,	5001	20000	\N	9500	1	5000	80000	\N	\N
19	chuyen_phat_nhanh_tiet_kiem	tp_hcm	,ha_noi,	20001	100000	\N	9000	1	5000	108500	\N	\N
20	chuyen_phat_nhanh_tiet_kiem	tp_hcm	,ha_noi,	100001	200000	\N	8500	1	5000	252500	\N	\N
21	chuyen_phat_nhanh_tiet_kiem	tp_hcm	,ha_noi,	200001	500000	\N	8000	1	5000	422500	\N	\N
22	chuyen_phat_nhanh_tiet_kiem	tp_hcm	,ha_noi,	500001	999999999	\N	7500	1	5000	902500	\N	\N
23	chuyen_bang_duong_bo	tp_hcm	,ha_noi,	0	10000	tau_hoa	60000	0	\N	\N	\N	\N
24	chuyen_bang_duong_bo	tp_hcm	,ha_noi,	10001	100000	tau_hoa	3500	1	10000	60000	\N	\N
25	chuyen_bang_duong_bo	tp_hcm	,ha_noi,	100001	200000	tau_hoa	3000	1	10000	91500	\N	\N
26	chuyen_bang_duong_bo	tp_hcm	,ha_noi,	200001	500000	tau_hoa	2800	1	10000	121500	\N	\N
27	chuyen_bang_duong_bo	tp_hcm	,ha_noi,	500001	2000000	tau_hoa	2500	1	10000	205500	\N	\N
28	chuyen_bang_duong_bo	tp_hcm	,ha_noi,	2000001	999999999	tau_hoa	2300	1	10000	580500	\N	\N
29	chuyen_bang_duong_bo	tp_hcm	,ha_noi,	0	10000	xe_container	80000	0	\N	\N	\N	\N
30	chuyen_bang_duong_bo	tp_hcm	,ha_noi,	10001	100000	xe_container	5300	1	10000	60000	\N	\N
31	chuyen_bang_duong_bo	tp_hcm	,ha_noi,	100001	200000	xe_container	5000	1	10000	91500	\N	\N
32	chuyen_bang_duong_bo	tp_hcm	,ha_noi,	200001	500000	xe_container	4700	1	10000	121500	\N	\N
33	chuyen_bang_duong_bo	tp_hcm	,ha_noi,	500001	2000000	xe_container	4500	1	10000	205500	\N	\N
34	chuyen_bang_duong_bo	tp_hcm	,ha_noi,	2000001	999999999	xe_container	4000	1	10000	580500	\N	\N
35	chuyen_bang_duong_bo	tp_hcm	,hai_phong,hai_duong,quang_ninh,nam_dinh,thai_binh,thanh_hoa,ha_tay,phu_tho,	0	10000	\N	90000	0	\N	\N	\N	\N
36	chuyen_bang_duong_bo	tp_hcm	,hai_phong,hai_duong,quang_ninh,nam_dinh,thai_binh,thanh_hoa,ha_tay,phu_tho,	10001	100000	\N	5300	1	10000	90000	\N	\N
37	chuyen_bang_duong_bo	tp_hcm	,hai_phong,hai_duong,quang_ninh,nam_dinh,thai_binh,thanh_hoa,ha_tay,phu_tho,	100001	200000	\N	5000	1	10000	137700	\N	\N
38	chuyen_bang_duong_bo	tp_hcm	,hai_phong,hai_duong,quang_ninh,nam_dinh,thai_binh,thanh_hoa,ha_tay,phu_tho,	200001	500000	\N	4700	1	10000	187700	\N	\N
39	chuyen_bang_duong_bo	tp_hcm	,hai_phong,hai_duong,quang_ninh,nam_dinh,thai_binh,thanh_hoa,ha_tay,phu_tho,	500001	2000000	\N	4500	1	10000	328700	\N	\N
40	chuyen_bang_duong_bo	tp_hcm	,hai_phong,hai_duong,quang_ninh,nam_dinh,thai_binh,thanh_hoa,ha_tay,phu_tho,	2000001	999999999	\N	4000	1	10000	1003700	\N	\N
41	chuyen_bang_duong_bo	tp_hcm	,hoa_binh,vinh_phuc,ninh_binh,thai_nguyen,bac_ninh,ha_nam,hung_yen,	0	10000	\N	90000	0	\N	\N	\N	\N
42	chuyen_bang_duong_bo	tp_hcm	,hoa_binh,vinh_phuc,ninh_binh,thai_nguyen,bac_ninh,ha_nam,hung_yen,	10001	100000	\N	5500	1	10000	90000	\N	\N
43	chuyen_bang_duong_bo	tp_hcm	,hoa_binh,vinh_phuc,ninh_binh,thai_nguyen,bac_ninh,ha_nam,hung_yen,	100001	200000	\N	5200	1	10000	139500	\N	\N
44	chuyen_bang_duong_bo	tp_hcm	,hoa_binh,vinh_phuc,ninh_binh,thai_nguyen,bac_ninh,ha_nam,hung_yen,	200001	500000	\N	4800	1	10000	191500	\N	\N
45	chuyen_bang_duong_bo	tp_hcm	,hoa_binh,vinh_phuc,ninh_binh,thai_nguyen,bac_ninh,ha_nam,hung_yen,	500001	2000000	\N	4600	1	10000	335500	\N	\N
46	chuyen_bang_duong_bo	tp_hcm	,hoa_binh,vinh_phuc,ninh_binh,thai_nguyen,bac_ninh,ha_nam,hung_yen,	2000001	999999999	\N	4200	1	10000	1025500	\N	\N
47	chuyen_bang_duong_bo	tp_hcm	,lang_son,lai_chau,cao_bang,son_lai,yen_bai,tuyen_quang,ha_giang,dien_bien,lao_cai,bac_kan,bac_giang,	0	10000	\N	100000	0	\N	\N	\N	\N
48	chuyen_bang_duong_bo	tp_hcm	,lang_son,lai_chau,cao_bang,son_lai,yen_bai,tuyen_quang,ha_giang,dien_bien,lao_cai,bac_kan,bac_giang,	10001	100000	\N	8000	1	10000	100000	\N	\N
49	chuyen_bang_duong_bo	tp_hcm	,lang_son,lai_chau,cao_bang,son_lai,yen_bai,tuyen_quang,ha_giang,dien_bien,lao_cai,bac_kan,bac_giang,	100001	200000	\N	7500	1	10000	172000	\N	\N
50	chuyen_bang_duong_bo	tp_hcm	,lang_son,lai_chau,cao_bang,son_lai,yen_bai,tuyen_quang,ha_giang,dien_bien,lao_cai,bac_kan,bac_giang,	200001	500000	\N	7000	1	10000	247000	\N	\N
51	chuyen_bang_duong_bo	tp_hcm	,lang_son,lai_chau,cao_bang,son_lai,yen_bai,tuyen_quang,ha_giang,dien_bien,lao_cai,bac_kan,bac_giang,	500001	2000000	\N	6500	1	10000	457000	\N	\N
52	chuyen_bang_duong_bo	tp_hcm	,lang_son,lai_chau,cao_bang,son_lai,yen_bai,tuyen_quang,ha_giang,dien_bien,lao_cai,bac_kan,bac_giang,	2000001	999999999	\N	6000	1	10000	1432000	\N	\N
53	chuyen_bang_duong_bo	tp_hcm	,da_nang,	0	10000	tau_hoa	50000	0	\N	\N	\N	\N
54	chuyen_bang_duong_bo	tp_hcm	,da_nang,	10001	100000	tau_hoa	3500	1	10000	50000	\N	\N
55	chuyen_bang_duong_bo	tp_hcm	,da_nang,	100001	200000	tau_hoa	3000	1	10000	81500	\N	\N
56	chuyen_bang_duong_bo	tp_hcm	,da_nang,	200001	1000000	tau_hoa	2800	1	10000	111500	\N	\N
57	chuyen_bang_duong_bo	tp_hcm	,da_nang,	1000001	999999999	tau_hoa	2500	1	10000	335500	\N	\N
58	chuyen_bang_duong_bo	tp_hcm	,da_nang,	0	10000	xe_container	60000	0	\N	\N	\N	\N
59	chuyen_bang_duong_bo	tp_hcm	,da_nang,	10001	100000	xe_container	4000	1	10000	50000	\N	\N
60	chuyen_bang_duong_bo	tp_hcm	,da_nang,	100001	200000	xe_container	3600	1	10000	81500	\N	\N
61	chuyen_bang_duong_bo	tp_hcm	,da_nang,	200001	1000000	xe_container	3400	1	10000	111500	\N	\N
62	chuyen_bang_duong_bo	tp_hcm	,da_nang,	1000001	999999999	xe_container	3200	1	10000	335500	\N	\N
63	chuyen_bang_duong_bo	tp_hcm	,khanh_hoa,	0	10000	\N	40000	0	\N	\N	\N	\N
64	chuyen_bang_duong_bo	tp_hcm	,khanh_hoa,	10001	100000	\N	3000	1	10000	40000	\N	\N
65	chuyen_bang_duong_bo	tp_hcm	,khanh_hoa,	100001	200000	\N	2800	1	10000	67000	\N	\N
66	chuyen_bang_duong_bo	tp_hcm	,khanh_hoa,	200001	1000000	\N	2500	1	10000	95000	\N	\N
67	chuyen_bang_duong_bo	tp_hcm	,khanh_hoa,	1000001	999999999	\N	2200	1	10000	295000	\N	\N
68	chuyen_bang_duong_bo	tp_hcm	,binh_dinh,gia_lai,dak_lak,kom_tum,lam_dong,	0	10000	\N	60000	0	\N	\N	\N	\N
69	chuyen_bang_duong_bo	tp_hcm	,binh_dinh,gia_lai,dak_lak,kom_tum,lam_dong,	10001	100000	\N	3500	1	10000	60000	\N	\N
70	chuyen_bang_duong_bo	tp_hcm	,binh_dinh,gia_lai,dak_lak,kom_tum,lam_dong,	100001	200000	\N	3300	1	10000	91500	\N	\N
71	chuyen_bang_duong_bo	tp_hcm	,binh_dinh,gia_lai,dak_lak,kom_tum,lam_dong,	200001	1000000	\N	3000	1	10000	124500	\N	\N
72	chuyen_bang_duong_bo	tp_hcm	,binh_dinh,gia_lai,dak_lak,kom_tum,lam_dong,	1000001	999999999	\N	2500	1	10000	364500	\N	\N
73	chuyen_bang_duong_bo	tp_hcm	,nghe_an,ha_tinh,quang_binh,	0	10000	\N	90000	0	\N	\N	\N	\N
74	chuyen_bang_duong_bo	tp_hcm	,nghe_an,ha_tinh,quang_binh,	10001	100000	\N	5300	1	10000	90000	\N	\N
75	chuyen_bang_duong_bo	tp_hcm	,nghe_an,ha_tinh,quang_binh,	100001	200000	\N	5000	1	10000	137700	\N	\N
76	chuyen_bang_duong_bo	tp_hcm	,nghe_an,ha_tinh,quang_binh,	200001	1000000	\N	4500	1	10000	187700	\N	\N
77	chuyen_bang_duong_bo	tp_hcm	,nghe_an,ha_tinh,quang_binh,	1000001	999999999	\N	4300	1	10000	547700	\N	\N
78	chuyen_bang_duong_bo	tp_hcm	,hue,quang_nam,quang_ngai,phu_yen,quang_tri,dak_nong,	0	10000	\N	80000	0	\N	\N	\N	\N
79	chuyen_bang_duong_bo	tp_hcm	,hue,quang_nam,quang_ngai,phu_yen,quang_tri,dak_nong,	10001	100000	\N	5000	1	10000	80000	\N	\N
80	chuyen_bang_duong_bo	tp_hcm	,hue,quang_nam,quang_ngai,phu_yen,quang_tri,dak_nong,	100001	200000	\N	4600	1	10000	125000	\N	\N
81	chuyen_bang_duong_bo	tp_hcm	,hue,quang_nam,quang_ngai,phu_yen,quang_tri,dak_nong,	200001	1000000	\N	4300	1	10000	171000	\N	\N
82	chuyen_bang_duong_bo	tp_hcm	,hue,quang_nam,quang_ngai,phu_yen,quang_tri,dak_nong,	1000001	999999999	\N	4000	1	10000	515000	\N	\N
83	chuyen_bang_duong_bo	tp_hcm	,binh_duong,dong_nai,vung_tau,	0	10000	\N	50000	0	\N	\N	\N	\N
84	chuyen_bang_duong_bo	tp_hcm	,binh_duong,dong_nai,vung_tau,	10001	100000	\N	3000	1	10000	50000	\N	\N
85	chuyen_bang_duong_bo	tp_hcm	,binh_duong,dong_nai,vung_tau,	100001	200000	\N	2500	1	10000	77000	\N	\N
86	chuyen_bang_duong_bo	tp_hcm	,binh_duong,dong_nai,vung_tau,	200001	1000000	\N	2200	1	10000	102000	\N	\N
87	chuyen_bang_duong_bo	tp_hcm	,binh_duong,dong_nai,vung_tau,	1000001	999999999	\N	1800	1	10000	278000	\N	\N
88	chuyen_bang_duong_bo	tp_hcm	,can_tho,tien_giang,long_an,an_giang,	0	10000	\N	60000	0	\N	\N	\N	\N
89	chuyen_bang_duong_bo	tp_hcm	,can_tho,tien_giang,long_an,an_giang,	10001	100000	\N	3500	1	10000	60000	\N	\N
90	chuyen_bang_duong_bo	tp_hcm	,can_tho,tien_giang,long_an,an_giang,	100001	200000	\N	3200	1	10000	91500	\N	\N
91	chuyen_bang_duong_bo	tp_hcm	,can_tho,tien_giang,long_an,an_giang,	200001	1000000	\N	3000	1	10000	123500	\N	\N
92	chuyen_bang_duong_bo	tp_hcm	,can_tho,tien_giang,long_an,an_giang,	1000001	999999999	\N	2800	1	10000	363500	\N	\N
93	chuyen_bang_duong_bo	tp_hcm	,ca_mau,kien_giang,dong_thap,binh_thuan,	0	10000	\N	60000	0	\N	\N	\N	\N
94	chuyen_bang_duong_bo	tp_hcm	,ca_mau,kien_giang,dong_thap,binh_thuan,	10001	100000	\N	3600	1	10000	60000	\N	\N
95	chuyen_bang_duong_bo	tp_hcm	,ca_mau,kien_giang,dong_thap,binh_thuan,	100001	200000	\N	3300	1	10000	92400	\N	\N
96	chuyen_bang_duong_bo	tp_hcm	,ca_mau,kien_giang,dong_thap,binh_thuan,	200001	1000000	\N	3100	1	10000	125400	\N	\N
97	chuyen_bang_duong_bo	tp_hcm	,ca_mau,kien_giang,dong_thap,binh_thuan,	1000001	999999999	\N	2900	1	10000	373400	\N	\N
98	chuyen_bang_duong_bo	tp_hcm	,binh_phuoc,ninh_thuan,tay_ninh,	0	10000	\N	60000	0	\N	\N	\N	\N
99	chuyen_bang_duong_bo	tp_hcm	,binh_phuoc,ninh_thuan,tay_ninh,	10001	100000	\N	4300	1	10000	60000	\N	\N
100	chuyen_bang_duong_bo	tp_hcm	,binh_phuoc,ninh_thuan,tay_ninh,	100001	200000	\N	3800	1	10000	98700	\N	\N
101	chuyen_bang_duong_bo	tp_hcm	,binh_phuoc,ninh_thuan,tay_ninh,	200001	1000000	\N	3500	1	10000	136700	\N	\N
102	chuyen_bang_duong_bo	tp_hcm	,binh_phuoc,ninh_thuan,tay_ninh,	1000001	999999999	\N	3200	1	10000	416700	\N	\N
103	chuyen_bang_duong_bo	tp_hcm	,bac_lieu,tra_vinh,soc_trang,	0	10000	\N	70000	0	\N	\N	\N	\N
104	chuyen_bang_duong_bo	tp_hcm	,bac_lieu,tra_vinh,soc_trang,	10001	100000	\N	4500	1	10000	70000	\N	\N
105	chuyen_bang_duong_bo	tp_hcm	,bac_lieu,tra_vinh,soc_trang,	100001	200000	\N	4000	1	10000	110500	\N	\N
106	chuyen_bang_duong_bo	tp_hcm	,bac_lieu,tra_vinh,soc_trang,	200001	1000000	\N	3700	1	10000	150500	\N	\N
107	chuyen_bang_duong_bo	tp_hcm	,bac_lieu,tra_vinh,soc_trang,	1000001	999999999	\N	3500	1	10000	446500	\N	\N
108	chuyen_bang_duong_bo	tp_hcm	,hau_giang,vinh_long,ben_tre,	0	10000	\N	60000	0	\N	\N	\N	\N
109	chuyen_bang_duong_bo	tp_hcm	,hau_giang,vinh_long,ben_tre,	10001	100000	\N	3800	1	10000	60000	\N	\N
110	chuyen_bang_duong_bo	tp_hcm	,hau_giang,vinh_long,ben_tre,	100001	200000	\N	3500	1	10000	94200	\N	\N
111	chuyen_bang_duong_bo	tp_hcm	,hau_giang,vinh_long,ben_tre,	200001	1000000	\N	3200	1	10000	129200	\N	\N
112	chuyen_bang_duong_bo	tp_hcm	,hau_giang,vinh_long,ben_tre,	1000001	999999999	\N	3000	1	10000	385200	\N	\N
113	chuyen_phat_nhanh_tiet_kiem	tp_hcm	,lang_son,lai_chau,cao_bang,son_lai,yen_bai,tuyen_quang,ha_giang,dien_bien,lao_cai,bac_kan,bac_giang,	0	5000	\N	100000	0	\N	\N	\N	\N
114	chuyen_phat_nhanh_tiet_kiem	tp_hcm	,lang_son,lai_chau,cao_bang,son_lai,yen_bai,tuyen_quang,ha_giang,dien_bien,lao_cai,bac_kan,bac_giang,	5001	20000	\N	10500	1	5000	100000	\N	\N
115	chuyen_phat_nhanh_tiet_kiem	tp_hcm	,lang_son,lai_chau,cao_bang,son_lai,yen_bai,tuyen_quang,ha_giang,dien_bien,lao_cai,bac_kan,bac_giang,	20001	100000	\N	10000	1	5000	131500	\N	\N
116	chuyen_phat_nhanh_tiet_kiem	tp_hcm	,lang_son,lai_chau,cao_bang,son_lai,yen_bai,tuyen_quang,ha_giang,dien_bien,lao_cai,bac_kan,bac_giang,	100001	200000	\N	9500	1	5000	291500	\N	\N
117	chuyen_phat_nhanh_tiet_kiem	tp_hcm	,lang_son,lai_chau,cao_bang,son_lai,yen_bai,tuyen_quang,ha_giang,dien_bien,lao_cai,bac_kan,bac_giang,	200001	500000	\N	9000	1	5000	481500	\N	\N
118	chuyen_phat_nhanh_tiet_kiem	tp_hcm	,lang_son,lai_chau,cao_bang,son_lai,yen_bai,tuyen_quang,ha_giang,dien_bien,lao_cai,bac_kan,bac_giang,	500001	999999999	\N	8500	1	5000	1021500	\N	\N
119	chuyen_phat_nhanh_tiet_kiem	tp_hcm	,hoa_binh,vinh_phuc,ninh_binh,thai_nguyen,bac_ninh,ha_nam,hung_yen,	0	5000	\N	90000	0	\N	\N	\N	\N
120	chuyen_phat_nhanh_tiet_kiem	tp_hcm	,hoa_binh,vinh_phuc,ninh_binh,thai_nguyen,bac_ninh,ha_nam,hung_yen,	5001	20000	\N	9500	1	5000	90000	\N	\N
121	chuyen_phat_nhanh_tiet_kiem	tp_hcm	,hoa_binh,vinh_phuc,ninh_binh,thai_nguyen,bac_ninh,ha_nam,hung_yen,	20001	100000	\N	9500	1	5000	118500	\N	\N
122	chuyen_phat_nhanh_tiet_kiem	tp_hcm	,hoa_binh,vinh_phuc,ninh_binh,thai_nguyen,bac_ninh,ha_nam,hung_yen,	100001	200000	\N	9000	1	5000	270500	\N	\N
123	chuyen_phat_nhanh_tiet_kiem	tp_hcm	,hoa_binh,vinh_phuc,ninh_binh,thai_nguyen,bac_ninh,ha_nam,hung_yen,	200001	500000	\N	8500	1	5000	450500	\N	\N
124	chuyen_phat_nhanh_tiet_kiem	tp_hcm	,hoa_binh,vinh_phuc,ninh_binh,thai_nguyen,bac_ninh,ha_nam,hung_yen,	500001	999999999	\N	8000	1	5000	960500	\N	\N
125	chuyen_phat_nhanh_tiet_kiem	tp_hcm	,hai_phong,hai_duong,quang_ninh,nam_dinh,thai_binh,thanh_hoa,ha_tay,phu_tho,	0	5000	\N	90000	0	0	\N	\N	\N
126	chuyen_phat_nhanh_tiet_kiem	tp_hcm	,hai_phong,hai_duong,quang_ninh,nam_dinh,thai_binh,thanh_hoa,ha_tay,phu_tho,	5001	20000	\N	10000	1	5000	90000	\N	\N
127	chuyen_phat_nhanh_tiet_kiem	tp_hcm	,hai_phong,hai_duong,quang_ninh,nam_dinh,thai_binh,thanh_hoa,ha_tay,phu_tho,	20001	100000	\N	9500	1	5000	120000	\N	\N
128	chuyen_phat_nhanh_tiet_kiem	tp_hcm	,hai_phong,hai_duong,quang_ninh,nam_dinh,thai_binh,thanh_hoa,ha_tay,phu_tho,	100001	200000	\N	9000	1	5000	272000	\N	\N
129	chuyen_phat_nhanh_tiet_kiem	tp_hcm	,hai_phong,hai_duong,quang_ninh,nam_dinh,thai_binh,thanh_hoa,ha_tay,phu_tho,	200001	500000	\N	8000	1	5000	452000	\N	\N
130	chuyen_phat_nhanh_tiet_kiem	tp_hcm	,hai_phong,hai_duong,quang_ninh,nam_dinh,thai_binh,thanh_hoa,ha_tay,phu_tho,	500001	999999999	\N	7500	1	5000	932000	\N	\N
131	chuyen_phat_nhanh_tiet_kiem	tp_hcm	,da_nang,	0	5000	\N	80000	0	\N	\N	\N	\N
132	chuyen_phat_nhanh_tiet_kiem	tp_hcm	,da_nang,	5001	20000	\N	8500	1	5000	80000	\N	\N
133	chuyen_phat_nhanh_tiet_kiem	tp_hcm	,da_nang,	20001	100000	\N	8000	1	5000	105500	\N	\N
134	chuyen_phat_nhanh_tiet_kiem	tp_hcm	,da_nang,	100001	200000	\N	7500	1	5000	233500	\N	\N
135	chuyen_phat_nhanh_tiet_kiem	tp_hcm	,da_nang,	200001	500000	\N	7000	1	5000	383500	\N	\N
136	chuyen_phat_nhanh_tiet_kiem	tp_hcm	,da_nang,	500001	999999999	\N	6500	1	5000	803500	\N	\N
137	chuyen_phat_nhanh_tiet_kiem	tp_hcm	,khanh_hoa,	0	5000	\N	60000	0	\N	\N	\N	\N
138	chuyen_phat_nhanh_tiet_kiem	tp_hcm	,khanh_hoa,	5001	20000	\N	5000	1	5000	60000	\N	\N
139	chuyen_phat_nhanh_tiet_kiem	tp_hcm	,khanh_hoa,	20001	100000	\N	4500	1	5000	75000	\N	\N
140	chuyen_phat_nhanh_tiet_kiem	tp_hcm	,khanh_hoa,	100001	200000	\N	4000	1	5000	147000	\N	\N
141	chuyen_phat_nhanh_tiet_kiem	tp_hcm	,khanh_hoa,	200001	500000	\N	3500	1	5000	227000	\N	\N
142	chuyen_phat_nhanh_tiet_kiem	tp_hcm	,khanh_hoa,	500001	999999999	\N	3000	1	5000	437000	\N	\N
143	chuyen_phat_nhanh_tiet_kiem	tp_hcm	,binh_dinh,gia_lai,dak_lak,kom_tum,lam_dong,	0	5000	\N	70000	0	\N	\N	\N	\N
144	chuyen_phat_nhanh_tiet_kiem	tp_hcm	,binh_dinh,gia_lai,dak_lak,kom_tum,lam_dong,	5001	20000	\N	6000	1	5000	70000	\N	\N
145	chuyen_phat_nhanh_tiet_kiem	tp_hcm	,binh_dinh,gia_lai,dak_lak,kom_tum,lam_dong,	20001	100000	\N	5700	1	5000	88000	\N	\N
146	chuyen_phat_nhanh_tiet_kiem	tp_hcm	,binh_dinh,gia_lai,dak_lak,kom_tum,lam_dong,	100001	200000	\N	5400	1	5000	179200	\N	\N
147	chuyen_phat_nhanh_tiet_kiem	tp_hcm	,binh_dinh,gia_lai,dak_lak,kom_tum,lam_dong,	200001	500000	\N	5100	1	5000	287200	\N	\N
148	chuyen_phat_nhanh_tiet_kiem	tp_hcm	,binh_dinh,gia_lai,dak_lak,kom_tum,lam_dong,	500001	999999999	\N	5000	1	5000	593200	\N	\N
149	chuyen_phat_nhanh_tiet_kiem	tp_hcm	,nghe_an,ha_tinh,quang_binh,	0	5000	\N	95000	0	\N	\N	\N	\N
150	chuyen_phat_nhanh_tiet_kiem	tp_hcm	,nghe_an,ha_tinh,quang_binh,	5001	20000	\N	9500	1	5000	95000	\N	\N
151	chuyen_phat_nhanh_tiet_kiem	tp_hcm	,nghe_an,ha_tinh,quang_binh,	20001	100000	\N	9000	1	5000	123500	\N	\N
152	chuyen_phat_nhanh_tiet_kiem	tp_hcm	,nghe_an,ha_tinh,quang_binh,	100001	200000	\N	8500	1	5000	267500	\N	\N
153	chuyen_phat_nhanh_tiet_kiem	tp_hcm	,nghe_an,ha_tinh,quang_binh,	200001	500000	\N	8000	1	5000	437500	\N	\N
154	chuyen_phat_nhanh_tiet_kiem	tp_hcm	,nghe_an,ha_tinh,quang_binh,	500001	999999999	\N	7500	1	5000	917500	\N	\N
155	chuyen_phat_nhanh_tiet_kiem	tp_hcm	,hue,quang_nam,quang_ngai,phu_yen,quang_tri,dak_nong,	0	5000	\N	90000	0	\N	\N	\N	\N
156	chuyen_phat_nhanh_tiet_kiem	tp_hcm	,hue,quang_nam,quang_ngai,phu_yen,quang_tri,dak_nong,	5001	20000	\N	9000	1	5000	90000	\N	\N
157	chuyen_phat_nhanh_tiet_kiem	tp_hcm	,hue,quang_nam,quang_ngai,phu_yen,quang_tri,dak_nong,	20001	100000	\N	8500	1	5000	117000	\N	\N
158	chuyen_phat_nhanh_tiet_kiem	tp_hcm	,hue,quang_nam,quang_ngai,phu_yen,quang_tri,dak_nong,	100001	200000	\N	8000	1	5000	253000	\N	\N
159	chuyen_phat_nhanh_tiet_kiem	tp_hcm	,hue,quang_nam,quang_ngai,phu_yen,quang_tri,dak_nong,	200001	500000	\N	7500	1	5000	413000	\N	\N
160	chuyen_phat_nhanh_tiet_kiem	tp_hcm	,hue,quang_nam,quang_ngai,phu_yen,quang_tri,dak_nong,	500001	999999999	\N	7000	1	5000	863000	\N	\N
161	chuyen_phat_nhanh_tiet_kiem	tp_hcm	,binh_duong,dong_nai,vung_tau,	0	5000	\N	60000	0	\N	\N	\N	\N
162	chuyen_phat_nhanh_tiet_kiem	tp_hcm	,binh_duong,dong_nai,vung_tau,	5001	20000	\N	4500	1	5000	60000	\N	\N
163	chuyen_phat_nhanh_tiet_kiem	tp_hcm	,binh_duong,dong_nai,vung_tau,	20001	100000	\N	4000	1	5000	73500	\N	\N
164	chuyen_phat_nhanh_tiet_kiem	tp_hcm	,binh_duong,dong_nai,vung_tau,	100001	200000	\N	3500	1	5000	137500	\N	\N
165	chuyen_phat_nhanh_tiet_kiem	tp_hcm	,binh_duong,dong_nai,vung_tau,	200001	500000	\N	3000	1	5000	207500	\N	\N
166	chuyen_phat_nhanh_tiet_kiem	tp_hcm	,binh_duong,dong_nai,vung_tau,	500001	999999999	\N	2800	1	5000	387500	\N	\N
167	chuyen_phat_nhanh_tiet_kiem	tp_hcm	,can_tho,tien_giang,long_an,an_giang,	0	5000	\N	70000	0	\N	\N	\N	\N
168	chuyen_phat_nhanh_tiet_kiem	tp_hcm	,can_tho,tien_giang,long_an,an_giang,	5001	20000	\N	5000	1	5000	70000	\N	\N
169	chuyen_phat_nhanh_tiet_kiem	tp_hcm	,can_tho,tien_giang,long_an,an_giang,	20001	100000	\N	4500	1	5000	85000	\N	\N
170	chuyen_phat_nhanh_tiet_kiem	tp_hcm	,can_tho,tien_giang,long_an,an_giang,	100001	200000	\N	4000	1	5000	157000	\N	\N
171	chuyen_phat_nhanh_tiet_kiem	tp_hcm	,can_tho,tien_giang,long_an,an_giang,	200001	500000	\N	3500	1	5000	237000	\N	\N
172	chuyen_phat_nhanh_tiet_kiem	tp_hcm	,can_tho,tien_giang,long_an,an_giang,	500001	999999999	\N	3200	1	5000	447000	\N	\N
173	chuyen_phat_nhanh_tiet_kiem	tp_hcm	,ca_mau,kien_giang,dong_thap,binh_thuan,	0	5000	\N	70000	0	\N	\N	\N	\N
174	chuyen_phat_nhanh_tiet_kiem	tp_hcm	,ca_mau,kien_giang,dong_thap,binh_thuan,	5001	20000	\N	5500	1	5000	70000	\N	\N
175	chuyen_phat_nhanh_tiet_kiem	tp_hcm	,ca_mau,kien_giang,dong_thap,binh_thuan,	20001	100000	\N	5000	1	5000	86500	\N	\N
176	chuyen_phat_nhanh_tiet_kiem	tp_hcm	,ca_mau,kien_giang,dong_thap,binh_thuan,	100001	200000	\N	4500	1	5000	166500	\N	\N
177	chuyen_phat_nhanh_tiet_kiem	tp_hcm	,ca_mau,kien_giang,dong_thap,binh_thuan,	200001	500000	\N	4000	1	5000	256500	\N	\N
178	chuyen_phat_nhanh_tiet_kiem	tp_hcm	,ca_mau,kien_giang,dong_thap,binh_thuan,	500001	999999999	\N	3500	1	5000	496500	\N	\N
179	chuyen_phat_nhanh_tiet_kiem	tp_hcm	,binh_phuoc,ninh_thuan,tay_ninh,	0	5000	\N	70000	0	\N	\N	\N	\N
180	chuyen_phat_nhanh_tiet_kiem	tp_hcm	,binh_phuoc,ninh_thuan,tay_ninh,	5001	20000	\N	5500	1	5000	70000	\N	\N
181	chuyen_phat_nhanh_tiet_kiem	tp_hcm	,binh_phuoc,ninh_thuan,tay_ninh,	20001	100000	\N	5000	1	5000	86500	\N	\N
182	chuyen_phat_nhanh_tiet_kiem	tp_hcm	,binh_phuoc,ninh_thuan,tay_ninh,	100001	200000	\N	4800	1	5000	166500	\N	\N
183	chuyen_phat_nhanh_tiet_kiem	tp_hcm	,binh_phuoc,ninh_thuan,tay_ninh,	200001	500000	\N	4500	1	5000	262500	\N	\N
184	chuyen_phat_nhanh_tiet_kiem	tp_hcm	,binh_phuoc,ninh_thuan,tay_ninh,	500001	999999999	\N	4000	1	5000	532500	\N	\N
185	chuyen_phat_nhanh_tiet_kiem	tp_hcm	,bac_lieu,tra_vinh,soc_trang,	0	5000	\N	80000	0	\N	\N	\N	\N
186	chuyen_phat_nhanh_tiet_kiem	tp_hcm	,bac_lieu,tra_vinh,soc_trang,	5001	20000	\N	6000	1	5000	80000	\N	\N
187	chuyen_phat_nhanh_tiet_kiem	tp_hcm	,bac_lieu,tra_vinh,soc_trang,	20001	100000	\N	5500	1	5000	98000	\N	\N
188	chuyen_phat_nhanh_tiet_kiem	tp_hcm	,bac_lieu,tra_vinh,soc_trang,	100001	200000	\N	5000	1	5000	186000	\N	\N
189	chuyen_phat_nhanh_tiet_kiem	tp_hcm	,bac_lieu,tra_vinh,soc_trang,	200001	500000	\N	4800	1	5000	286000	\N	\N
190	chuyen_phat_nhanh_tiet_kiem	tp_hcm	,bac_lieu,tra_vinh,soc_trang,	500001	999999999	\N	4500	1	5000	574000	\N	\N
191	chuyen_phat_nhanh_tiet_kiem	tp_hcm	,hau_giang,vinh_long,ben_tre,	0	5000	\N	70000	0	\N	\N	\N	\N
192	chuyen_phat_nhanh_tiet_kiem	tp_hcm	,hau_giang,vinh_long,ben_tre,	5001	20000	\N	5500	1	5000	70000	\N	\N
193	chuyen_phat_nhanh_tiet_kiem	tp_hcm	,hau_giang,vinh_long,ben_tre,	20001	100000	\N	5000	1	5000	86500	\N	\N
194	chuyen_phat_nhanh_tiet_kiem	tp_hcm	,hau_giang,vinh_long,ben_tre,	100001	200000	\N	4500	1	5000	166500	\N	\N
195	chuyen_phat_nhanh_tiet_kiem	tp_hcm	,hau_giang,vinh_long,ben_tre,	200001	500000	\N	4000	1	5000	256500	\N	\N
196	chuyen_phat_nhanh_tiet_kiem	tp_hcm	,hau_giang,vinh_long,ben_tre,	500001	999999999	\N	3800	1	5000	496500	\N	\N
197	chuyen_phat_nhanh_hoa_toc	tp_hcm	,ha_noi,da_nang,	0	2000	\N	95000	0	\N	\N	\N	\N
198	chuyen_phat_nhanh_hoa_toc	tp_hcm	,ha_noi,da_nang,	2001	999999999	\N	12000	1	500	95000	\N	\N
199	chuyen_phat_nhanh_hoa_toc	tp_hcm	,hai_phong,	0	2000	\N	115000	0	\N	\N	\N	\N
200	chuyen_phat_nhanh_hoa_toc	tp_hcm	,hai_phong,	2001	999999999	\N	14000	1	500	115000	\N	\N
201	chuyen_phat_nhanh_hoa_toc	tp_hcm	,binh_duong,dong_nai,	0	2000	\N	110000	0	\N	\N	\N	\N
202	chuyen_phat_nhanh_hoa_toc	tp_hcm	,binh_duong,dong_nai,	2001	999999999	\N	6000	1	500	110000	\N	\N
203	chuyen_phat_nhanh_hoa_toc	tp_hcm	,vung_tau,can_tho,	0	2000	\N	70000	0	\N	\N	\N	\N
204	chuyen_phat_nhanh_hoa_toc	tp_hcm	,vung_tau,can_tho,	2001	999999999	\N	7000	1	500	70000	\N	\N
205	chuyen_phat_nhanh_truoc_9h	tp_hcm	,ha_noi,	0	2000	\N	35000	0	\N	\N	\N	\N
206	chuyen_phat_nhanh_truoc_9h	tp_hcm	,ha_noi,	2001	999999999	\N	10000	1	500	35000	\N	\N
207	chuyen_phat_nhanh_truoc_9h	tp_hcm	,da_nang,	0	2000	\N	35000	0	\N	\N	\N	\N
208	chuyen_phat_nhanh_truoc_9h	tp_hcm	,da_nang,	2001	999999999	\N	8500	1	500	35000	\N	\N
209	chuyen_phat_nhanh_truoc_9h	tp_hcm	,binh_dinh,nha_trang,	0	2000	\N	30000	0	\N	\N	\N	\N
210	chuyen_phat_nhanh_truoc_9h	tp_hcm	,binh_dinh,nha_trang,	2001	999999999	\N	9000	1	500	30000	\N	\N
211	chuyen_phat_nhanh_truoc_9h	tp_hcm	,can_tho,tien_giang,an_giang,	0	2000	\N	25000	0	\N	\N	\N	\N
212	chuyen_phat_nhanh_truoc_9h	tp_hcm	,can_tho,tien_giang,an_giang,	2001	999999999	\N	5500	1	500	25000	\N	\N
213	chuyen_phat_nhanh_truoc_9h	tp_hcm	,dong_nai,binh_duong,vung_tau,	0	2000	\N	30000	0	\N	\N	\N	\N
214	chuyen_phat_nhanh_truoc_9h	tp_hcm	,dong_nai,binh_duong,vung_tau,	2001	999999999	\N	6000	1	500	30000	\N	\N
215	chuyen_phat_nhanh_truoc_9h	tp_hcm	,phan_thiet,dak_lak,lam_dong,	0	2000	\N	30000	0	\N	\N	\N	\N
216	chuyen_phat_nhanh_truoc_9h	tp_hcm	,phan_thiet,dak_lak,lam_dong,	2001	999999999	\N	6500	1	500	30000	\N	\N
228	chuyen_phat_nhanh	tp_hcm	,tp_hcm,	0	50	\N	7600	0	\N	\N	\N	\N
229	chuyen_phat_nhanh	tp_hcm	,tp_hcm,	51	100	\N	8000	0	\N	\N	\N	\N
230	chuyen_phat_nhanh	tp_hcm	,tp_hcm,	101	250	\N	10000	0	\N	\N	\N	\N
231	chuyen_phat_nhanh	tp_hcm	,tp_hcm,	251	500	\N	13000	0	\N	\N	\N	\N
232	chuyen_phat_nhanh	tp_hcm	,tp_hcm,	501	1000	\N	16000	0	\N	\N	\N	\N
233	chuyen_phat_nhanh	tp_hcm	,tp_hcm,	1001	1500	\N	18500	0	\N	\N	\N	\N
234	chuyen_phat_nhanh	tp_hcm	,tp_hcm,	1501	2000	\N	21000	0	\N	\N	\N	\N
235	chuyen_phat_nhanh	tp_hcm	,tp_hcm,	2001	30000	\N	1600	1	500	21000	\N	\N
236	chuyen_phat_nhanh	tp_hcm	,tp_hcm,	30001	100000	\N	2500	1	30000	110600	\N	\N
237	chuyen_phat_nhanh	tp_hcm	,tp_hcm,	100001	300000	\N	2400	1	30000	118100	\N	\N
238	chuyen_phat_nhanh	tp_hcm	,tp_hcm,	300001	500000	\N	2100	1	30000	134900	\N	\N
239	chuyen_phat_nhanh	tp_hcm	,tp_hcm,	500001	999999999	\N	1800	1	30000	149600	\N	\N
240	chuyen_phat_nhanh	tp_hcm	,dak_lak,gia_lai,lam_dong,khanh_hoa,binh_dinh,ca_mau,phu_yen,	0	50	\N	11000	0	\N	\N	\N	\N
241	chuyen_phat_nhanh	tp_hcm	,dak_lak,gia_lai,lam_dong,khanh_hoa,binh_dinh,ca_mau,phu_yen,	51	100	\N	14500	0	\N	\N	\N	\N
242	chuyen_phat_nhanh	tp_hcm	,dak_lak,gia_lai,lam_dong,khanh_hoa,binh_dinh,ca_mau,phu_yen,	101	250	\N	21000	0	\N	\N	\N	\N
243	chuyen_phat_nhanh	tp_hcm	,dak_lak,gia_lai,lam_dong,khanh_hoa,binh_dinh,ca_mau,phu_yen,	251	500	\N	26000	0	\N	\N	\N	\N
244	chuyen_phat_nhanh	tp_hcm	,dak_lak,gia_lai,lam_dong,khanh_hoa,binh_dinh,ca_mau,phu_yen,	501	1000	\N	39000	0	\N	\N	\N	\N
245	chuyen_phat_nhanh	tp_hcm	,dak_lak,gia_lai,lam_dong,khanh_hoa,binh_dinh,ca_mau,phu_yen,	1001	1500	\N	49000	0	\N	\N	\N	\N
246	chuyen_phat_nhanh	tp_hcm	,dak_lak,gia_lai,lam_dong,khanh_hoa,binh_dinh,ca_mau,phu_yen,	1501	2000	\N	54000	0	\N	\N	\N	\N
247	chuyen_phat_nhanh	tp_hcm	,dak_lak,gia_lai,lam_dong,khanh_hoa,binh_dinh,ca_mau,phu_yen,	2001	30000	\N	5500	1	500	54000	\N	\N
248	chuyen_phat_nhanh	tp_hcm	,dak_lak,gia_lai,lam_dong,khanh_hoa,binh_dinh,ca_mau,phu_yen,	30001	100000	\N	10000	1	30000	362000	\N	\N
249	chuyen_phat_nhanh	tp_hcm	,dak_lak,gia_lai,lam_dong,khanh_hoa,binh_dinh,ca_mau,phu_yen,	100001	300000	\N	9500	1	30000	392000	\N	\N
250	chuyen_phat_nhanh	tp_hcm	,dak_lak,gia_lai,lam_dong,khanh_hoa,binh_dinh,ca_mau,phu_yen,	300001	500000	\N	9000	1	30000	458500	\N	\N
251	chuyen_phat_nhanh	tp_hcm	,dak_lak,gia_lai,lam_dong,khanh_hoa,binh_dinh,ca_mau,phu_yen,	500001	999999999	\N	8000	1	30000	521500	\N	\N
252	chuyen_phat_nhanh	tp_hcm	,da_nang,	0	50	\N	95000	0	\N	\N	\N	\N
253	chuyen_phat_nhanh	tp_hcm	,da_nang,	51	100	\N	13000	0	\N	\N	\N	\N
254	chuyen_phat_nhanh	tp_hcm	,da_nang,	101	250	\N	19000	0	\N	\N	\N	\N
255	chuyen_phat_nhanh	tp_hcm	,da_nang,	251	500	\N	26000	0	\N	\N	\N	\N
256	chuyen_phat_nhanh	tp_hcm	,da_nang,	501	1000	\N	38000	0	\N	\N	\N	\N
257	chuyen_phat_nhanh	tp_hcm	,da_nang,	1001	1500	\N	47000	0	\N	\N	\N	\N
258	chuyen_phat_nhanh	tp_hcm	,da_nang,	1501	2000	\N	56000	0	\N	\N	\N	\N
259	chuyen_phat_nhanh	tp_hcm	,da_nang,	2001	30000	\N	7750	1	500	56000	\N	\N
260	chuyen_phat_nhanh	tp_hcm	,da_nang,	30001	100000	\N	15400	1	30000	490000	\N	\N
261	chuyen_phat_nhanh	tp_hcm	,da_nang,	100001	300000	\N	15200	1	30000	536200	\N	\N
262	chuyen_phat_nhanh	tp_hcm	,da_nang,	300001	500000	\N	15000	1	30000	642600	\N	\N
263	chuyen_phat_nhanh	tp_hcm	,da_nang,	500001	999999999	\N	14800	1	30000	747600	\N	\N
264	chuyen_phat_nhanh	tp_hcm	,ha_noi,	0	50	\N	9500	0	\N	\N	\N	\N
265	chuyen_phat_nhanh	tp_hcm	,ha_noi,	51	100	\N	13000	0	\N	\N	\N	\N
266	chuyen_phat_nhanh	tp_hcm	,ha_noi,	101	250	\N	19000	0	\N	\N	\N	\N
267	chuyen_phat_nhanh	tp_hcm	,ha_noi,	251	500	\N	26000	0	\N	\N	\N	\N
268	chuyen_phat_nhanh	tp_hcm	,ha_noi,	501	1000	\N	38000	0	\N	\N	\N	\N
269	chuyen_phat_nhanh	tp_hcm	,ha_noi,	1001	1500	\N	47000	0	\N	\N	\N	\N
270	chuyen_phat_nhanh	tp_hcm	,ha_noi,	1501	2000	\N	56000	0	\N	\N	\N	\N
271	chuyen_phat_nhanh	tp_hcm	,ha_noi,	2001	30000	\N	8750	1	500	56000	\N	\N
272	chuyen_phat_nhanh	tp_hcm	,ha_noi,	30001	100000	\N	16400	1	30000	546000	18900	546000
273	chuyen_phat_nhanh	tp_hcm	,ha_noi,	100001	300000	\N	16200	1	30000	595200	18700	602700
274	chuyen_phat_nhanh	tp_hcm	,ha_noi,	300001	500000	\N	16000	1	30000	708600	18500	733600
275	chuyen_phat_nhanh	tp_hcm	,ha_noi,	500001	999999999	\N	15800	1	30000	820600	18300	863100
